iteration,arrivals,parked,rejected,peak_occupancy,peak_utilization,times_full,mc_arrivals,car_arrivals,truck_arrivals,mc_rejected,car_rejected,truck_rejected
0,699,244,455,231,100.0,43,528,150,21,381,63,11
1,684,240,444,231,100.0,45,525,128,31,379,45,20
2,681,238,443,231,100.0,47,525,127,29,379,45,19
3,726,243,483,231,100.0,45,563,131,32,412,50,21
4,701,248,453,231,100.0,44,527,144,30,375,59,19
5,667,241,426,231,100.0,44,502,136,29,356,53,17
6,669,238,431,231,100.0,46,517,122,30,372,39,20
7,686,246,440,231,100.0,44,513,143,30,362,59,19
8,653,246,407,231,100.0,46,489,135,29,336,52,19
9,702,237,465,231,100.0,45,524,147,31,380,64,21
10,675,244,431,231,100.0,44,520,127,28,369,44,18
11,836,245,591,231,100.0,47,639,173,24,486,92,13
12,699,242,457,231,100.0,46,539,142,18,393,56,8
13,734,245,489,231,100.0,46,564,132,38,412,51,26
14,620,237,383,231,100.0,51,474,122,24,330,39,14
15,703,241,462,231,100.0,45,513,153,37,365,70,27
16,724,248,476,231,100.0,47,565,132,27,412,47,17
17,713,242,471,231,100.0,44,544,144,25,395,61,15
18,731,248,483,231,100.0,44,554,149,28,400,65,18
19,665,241,424,231,100.0,43,484,162,19,336,79,9
20,719,240,479,231,100.0,44,544,146,29,395,65,19
21,661,242,419,231,100.0,46,503,140,18,356,55,8
22,683,242,441,231,100.0,45,516,143,24,365,62,14
23,657,244,413,231,100.0,43,501,129,27,352,45,16
24,755,249,506,231,100.0,44,589,140,26,434,56,16
25,752,248,504,231,100.0,45,565,153,34,414,66,24
26,699,239,460,231,100.0,45,530,145,24,383,63,14
27,715,244,471,231,100.0,50,553,136,26,405,50,16
28,643,245,398,231,100.0,44,469,136,38,319,53,26
29,655,252,403,231,100.0,46,503,136,16,347,51,5
30,651,247,404,231,100.0,49,512,117,22,357,35,12
31,669,238,431,231,100.0,42,492,153,24,345,72,14
32,781,242,539,231,100.0,44,580,167,34,434,82,23
33,729,250,479,231,100.0,44,564,135,30,410,49,20
34,719,244,475,231,100.0,46,537,150,32,387,66,22
35,681,239,442,231,100.0,46,517,135,29,371,53,18
36,735,241,494,231,100.0,47,561,146,28,414,62,18
37,629,238,391,231,100.0,45,480,121,28,335,38,18
38,813,246,567,231,100.0,46,619,159,35,469,73,25
39,668,240,428,231,100.0,43,507,128,33,359,47,22
40,676,252,424,231,100.0,46,522,131,23,367,45,12
41,618,246,372,231,100.0,43,476,125,17,324,41,7
42,750,239,511,231,100.0,47,579,147,24,434,64,13
43,705,247,458,231,100.0,44,542,134,29,389,51,18
44,715,238,477,231,100.0,43,516,170,29,373,85,19
45,718,243,475,231,100.0,47,544,142,32,400,54,21
46,627,244,383,231,100.0,45,481,122,24,333,36,14
47,736,240,496,231,100.0,44,553,147,36,406,64,26
48,748,248,500,231,100.0,44,563,155,30,409,71,20
49,719,248,471,231,100.0,45,544,146,29,391,61,19
50,726,239,487,231,100.0,49,565,137,24,418,55,14
51,663,242,421,231,100.0,43,496,145,22,349,60,12
52,713,237,476,231,100.0,45,536,143,34,391,61,24
53,757,242,515,231,100.0,44,573,150,34,425,66,24
54,729,247,482,231,100.0,44,566,136,27,413,53,16
55,718,239,479,231,100.0,45,556,144,18,410,62,7
56,723,248,475,231,100.0,44,564,139,20,409,57,9
57,738,243,495,231,100.0,46,568,145,25,418,62,15
58,747,240,507,231,100.0,43,553,168,26,406,85,16
59,793,240,553,231,100.0,43,581,176,36,436,93,24
60,676,241,435,231,100.0,44,503,146,27,358,61,16
61,710,244,466,231,100.0,48,545,136,29,395,53,18
62,697,241,456,231,100.0,47,523,138,36,375,55,26
63,629,244,385,231,100.0,43,473,130,26,321,49,15
64,677,248,429,231,100.0,45,515,135,27,364,49,16
65,722,250,472,231,100.0,45,547,150,25,394,63,15
66,648,245,403,231,100.0,46,506,122,20,356,37,10
67,719,241,478,231,100.0,45,552,136,31,405,53,20
68,711,244,467,231,100.0,45,535,142,34,385,58,24
69,747,240,507,231,100.0,48,587,131,29,441,48,18
70,724,244,480,231,100.0,45,522,161,41,372,78,30
71,734,241,493,231,100.0,44,555,144,35,407,61,25
72,673,244,429,231,100.0,45,515,142,16,367,56,6
73,723,244,479,231,100.0,49,555,132,36,405,48,26
74,670,239,431,231,100.0,44,534,119,17,389,35,7
75,697,245,452,231,100.0,44,536,134,27,385,50,17
76,697,242,455,231,100.0,45,507,154,36,360,69,26
77,676,243,433,231,100.0,45,514,140,22,369,53,11
78,697,246,451,231,100.0,46,543,121,33,392,36,23
79,729,246,483,231,100.0,44,539,164,26,388,79,16
80,745,243,502,231,100.0,44,576,138,31,427,54,21
81,781,242,539,231,100.0,44,618,136,27,470,52,17
82,718,240,478,231,100.0,43,558,129,31,410,48,20
83,740,248,492,231,100.0,45,577,136,27,426,49,17
84,742,238,504,231,100.0,44,575,141,26,429,59,16
85,734,244,490,231,100.0,46,568,130,36,419,45,26
86,663,243,420,231,100.0,43,514,121,28,365,39,16
87,688,242,446,231,100.0,45,539,119,30,392,36,18
88,723,242,481,231,100.0,44,545,151,27,399,65,17
89,689,246,443,231,100.0,44,520,134,35,366,52,25
90,678,246,432,231,100.0,47,506,144,28,352,63,17
91,673,242,431,231,100.0,44,521,128,24,371,46,14
92,635,242,393,231,100.0,41,477,137,21,329,53,11
93,732,243,489,231,100.0,45,558,155,19,408,72,9
94,675,238,437,231,100.0,45,525,129,21,379,47,11
95,730,245,485,231,100.0,44,566,139,25,413,57,15
96,657,241,416,231,100.0,43,509,130,18,361,47,8
97,715,249,466,231,100.0,45,545,134,36,390,50,26
98,677,240,437,231,100.0,43,508,143,26,363,58,16
99,686,240,446,231,100.0,44,509,153,24,364,68,14
100,761,250,511,231,100.0,50,570,156,35,416,70,25
101,719,245,474,231,100.0,45,544,147,28,392,64,18
102,721,242,479,231,100.0,47,559,139,23,412,54,13
103,700,242,458,231,100.0,44,519,157,24,372,72,14
104,749,242,507,231,100.0,44,564,152,33,417,68,22
105,764,247,517,231,100.0,44,592,148,24,439,65,13
106,674,240,434,231,100.0,44,532,122,20,383,41,10
107,745,240,505,231,100.0,46,571,146,28,425,62,18
108,630,242,388,231,100.0,44,490,115,25,343,30,15
109,630,246,384,231,100.0,47,483,123,24,333,37,14
110,667,248,419,231,100.0,47,509,134,24,355,50,14
111,703,241,462,231,100.0,43,532,139,32,384,56,22
112,691,239,452,231,100.0,44,509,147,35,366,62,24
113,640,243,397,231,100.0,51,492,127,21,343,43,11
114,646,240,406,231,100.0,42,483,139,24,335,57,14
115,751,244,507,231,100.0,44,568,155,28,419,70,18
116,792,244,548,231,100.0,45,602,166,24,456,78,14
117,653,243,410,231,100.0,44,492,142,19,342,59,9
118,745,242,503,231,100.0,45,593,128,24,443,46,14
119,727,239,488,231,100.0,49,541,146,40,395,63,30
120,682,244,438,231,100.0,46,501,146,35,350,63,25
121,687,244,443,231,100.0,44,519,134,34,370,50,23
122,732,241,491,231,100.0,45,547,156,29,398,74,19
123,664,240,424,231,100.0,46,526,116,22,380,33,11
124,645,242,403,231,100.0,44,482,145,18,334,61,8
125,659,243,416,231,100.0,43,507,129,23,359,45,12
126,624,243,381,231,100.0,42,482,120,22,333,36,12
127,781,239,542,231,100.0,45,585,162,34,439,79,24
128,733,244,489,231,100.0,43,569,144,20,420,60,9
129,668,239,429,231,100.0,44,521,121,26,373,40,16
130,728,240,488,231,100.0,47,562,142,24,414,60,14
131,694,238,456,231,100.0,46,531,145,18,385,63,8
132,688,247,441,231,100.0,45,524,139,25,374,53,14
133,717,241,476,231,100.0,46,540,153,24,392,71,13
134,737,241,496,231,100.0,44,573,138,26,425,55,16
135,654,243,411,231,100.0,46,500,119,35,350,36,25
136,704,243,461,231,100.0,46,536,137,31,388,52,21
137,671,243,428,231,100.0,45,494,142,35,347,58,23
138,737,247,490,231,100.0,44,574,139,24,421,55,14
139,728,242,486,231,100.0,44,561,139,28,411,57,18
140,726,247,479,231,100.0,44,562,142,22,410,57,12
141,732,244,488,231,100.0,44,543,159,30,392,78,18
142,694,237,457,231,100.0,47,550,123,21,408,39,10
143,728,254,474,231,100.0,45,545,143,40,386,60,28
144,675,246,429,231,100.0,50,508,133,34,359,47,23
145,747,242,505,231,100.0,44,568,152,27,419,69,17
146,762,245,517,231,100.0,46,579,160,23,431,73,13
147,736,239,497,231,100.0,44,564,139,33,418,56,23
148,701,240,461,231,100.0,45,535,133,33,389,50,22
149,726,249,477,231,100.0,44,549,150,27,396,64,17
150,675,244,431,231,100.0,49,519,133,23,371,47,13
151,696,246,450,231,100.0,45,538,135,23,386,51,13
152,700,244,456,231,100.0,44,537,138,25,385,57,14
153,716,242,474,231,100.0,43,538,151,27,390,68,16
154,700,243,457,231,100.0,44,545,135,20,394,54,9
155,740,236,504,231,100.0,46,565,145,30,421,63,20
156,762,244,518,231,100.0,43,591,146,25,438,65,15
157,684,241,443,231,100.0,45,507,143,34,359,60,24
158,684,247,437,231,100.0,43,503,157,24,350,74,13
159,697,246,451,231,100.0,47,538,130,29,388,44,19
160,639,242,397,231,100.0,44,463,155,21,316,71,10
161,712,250,462,231,100.0,44,559,127,26,405,41,16
162,691,242,449,231,100.0,48,510,140,41,361,57,31
163,692,246,446,231,100.0,46,538,130,24,387,47,12
164,729,246,483,231,100.0,45,544,149,36,391,66,26
165,716,244,472,231,100.0,47,531,152,33,382,67,23
166,758,254,504,231,100.0,46,550,175,33,392,89,23
167,700,250,450,231,100.0,47,517,155,28,367,65,18
168,731,246,485,231,100.0,43,568,142,21,414,60,11
169,729,241,488,231,100.0,47,583,125,21,434,43,11
170,746,248,498,231,100.0,46,596,125,25,442,41,15
171,638,242,396,231,100.0,45,483,132,23,332,51,13
172,700,244,456,231,100.0,47,521,150,29,370,67,19
173,714,250,464,231,100.0,44,523,157,34,365,75,24
174,673,244,429,231,100.0,45,511,132,30,360,49,20
175,695,247,448,231,100.0,46,512,149,34,360,64,24
176,727,245,482,231,100.0,47,529,176,22,378,92,12
177,648,243,405,231,100.0,44,500,124,24,353,40,12
178,808,243,565,231,100.0,51,631,143,34,482,60,23
179,655,251,404,231,100.0,46,510,126,19,353,42,9
180,618,246,372,231,100.0,43,463,132,23,313,47,12
181,714,248,466,231,100.0,44,549,133,32,398,47,21
182,690,242,448,231,100.0,46,531,133,26,382,50,16
183,783,245,538,231,100.0,45,589,168,26,437,85,16
184,769,241,528,231,100.0,45,597,145,27,448,63,17
185,748,247,501,231,100.0,44,581,142,25,428,58,15
186,701,239,462,231,100.0,46,549,131,21,403,48,11
187,743,247,496,231,100.0,46,563,153,27,411,68,17
188,678,245,433,231,100.0,46,507,148,23,357,63,13
189,637,243,394,231,100.0,45,498,122,17,349,38,7
190,679,244,435,231,100.0,46,511,142,26,358,61,16
191,756,245,511,231,100.0,47,591,135,30,441,52,18
192,701,247,454,231,100.0,49,528,145,28,373,63,18
193,711,238,473,231,100.0,44,536,150,25,390,68,15
194,810,244,566,231,100.0,45,598,175,37,446,93,27
195,703,246,457,231,100.0,42,537,140,26,387,55,15
196,701,247,454,231,100.0,45,526,140,35,372,58,24
197,699,239,460,231,100.0,46,517,154,28,370,72,18
198,779,248,531,231,100.0,44,597,152,30,445,66,20
199,741,249,492,231,100.0,44,557,159,25,401,77,14
200,713,239,474,231,100.0,44,531,156,26,387,72,15
201,726,241,485,231,100.0,49,561,133,32,412,51,22
202,686,246,440,231,100.0,44,524,142,20,372,58,10
203,723,249,474,231,100.0,45,531,158,34,378,73,23
204,661,245,416,231,100.0,47,493,134,34,344,49,23
205,673,245,428,231,100.0,46,514,132,27,366,46,16
206,739,240,499,231,100.0,45,563,148,28,417,64,18
207,721,242,479,231,100.0,46,555,129,37,408,46,25
208,706,243,463,231,100.0,45,554,122,30,405,38,20
209,693,243,450,231,100.0,44,543,124,26,392,42,16
210,724,243,481,231,100.0,44,558,139,27,410,54,17
211,687,251,436,231,100.0,46,527,124,36,371,41,24
212,767,246,521,231,100.0,47,574,155,38,422,71,28
213,737,243,494,231,100.0,44,569,140,28,419,58,17
214,762,255,507,231,100.0,45,582,158,22,425,71,11
215,738,245,493,231,100.0,48,563,147,28,414,63,16
216,746,241,505,231,100.0,46,590,122,34,441,40,24
217,684,240,444,231,100.0,46,528,132,24,381,49,14
218,695,236,459,231,100.0,47,528,140,27,384,58,17
219,709,242,467,231,100.0,45,554,132,23,404,50,13
220,729,241,488,231,100.0,44,560,149,20,414,64,10
221,742,249,493,231,100.0,44,564,152,26,409,69,15
222,718,246,472,231,100.0,42,539,148,31,389,62,21
223,772,242,530,231,100.0,45,572,163,37,422,81,27
224,676,250,426,231,100.0,45,498,146,32,342,62,22
225,738,243,495,231,100.0,47,580,133,25,430,50,15
226,744,240,504,231,100.0,45,542,172,30,394,90,20
227,717,240,477,231,100.0,43,547,145,25,398,64,15
228,643,236,407,231,100.0,43,483,130,30,339,48,20
229,719,243,476,231,100.0,48,555,136,28,408,52,16
230,762,252,510,231,100.0,51,590,145,27,433,60,17
231,709,239,470,231,100.0,46,541,137,31,395,54,21
232,646,237,409,231,100.0,45,470,148,28,326,66,17
233,792,237,555,231,100.0,44,606,148,38,460,67,28
234,706,243,463,231,100.0,45,535,148,23,385,65,13
235,706,240,466,231,100.0,45,534,144,28,388,60,18
236,730,244,486,231,100.0,45,552,140,38,402,56,28
237,675,241,434,231,100.0,44,516,129,30,371,44,19
238,820,245,575,231,100.0,44,604,179,37,455,93,27
239,631,242,389,231,100.0,43,483,120,28,333,38,18
240,699,243,456,231,100.0,45,525,143,31,376,60,20
241,672,241,431,231,100.0,47,513,127,32,366,43,22
242,727,241,486,231,100.0,47,563,141,23,417,56,13
243,674,239,435,231,100.0,44,507,141,26,362,58,15
244,739,242,497,231,100.0,43,554,151,34,407,66,24
245,720,247,473,231,100.0,46,553,140,27,398,58,17
246,734,242,492,231,100.0,44,583,129,22,434,46,12
247,664,236,428,231,100.0,43,516,128,20,371,47,10
248,674,247,427,231,100.0,44,527,121,26,375,36,16
249,703,241,462,231,100.0,46,532,144,27,383,63,16
250,657,247,410,231,100.0,47,493,137,27,340,55,15
251,757,248,509,231,100.0,44,577,149,31,424,65,20
252,731,244,487,231,100.0,44,549,150,32,400,65,22
253,726,243,483,231,100.0,45,548,153,25,399,69,15
254,704,244,460,231,100.0,44,546,117,41,397,33,30
255,716,242,474,231,100.0,45,557,128,31,411,43,20
256,692,239,453,231,100.0,44,520,142,30,373,60,20
257,709,242,467,231,100.0,48,543,141,25,392,60,15
258,693,244,449,231,100.0,44,536,132,25,384,50,15
259,677,242,435,231,100.0,44,512,144,21,364,61,10
260,716,241,475,231,100.0,44,545,135,36,399,51,25
261,701,244,457,231,100.0,45,527,143,31,376,60,21
262,740,240,500,231,100.0,46,589,124,27,442,41,17
263,668,236,432,231,100.0,46,514,131,23,370,49,13
264,694,245,449,231,100.0,48,528,140,26,376,57,16
265,677,245,432,231,100.0,52,529,127,21,381,40,11
266,713,240,473,231,100.0,44,553,129,31,408,45,20
267,712,243,469,231,100.0,44,544,145,23,394,62,13
268,735,244,491,231,100.0,44,549,158,28,400,74,17
269,752,237,515,231,100.0,46,569,147,36,424,65,26
270,756,241,515,231,100.0,43,565,160,31,418,76,21
271,643,244,399,231,100.0,43,492,132,19,345,47,7
272,712,260,452,231,100.0,44,531,146,35,373,56,23
273,688,249,439,231,100.0,44,521,145,22,368,60,11
274,646,240,406,231,100.0,42,492,139,15,344,57,5
275,688,248,440,231,100.0,47,534,129,25,382,44,14
276,722,240,482,231,100.0,44,556,135,31,410,53,19
277,788,249,539,231,100.0,46,603,158,27,451,71,17
278,695,245,450,231,100.0,45,535,132,28,384,49,17
279,702,246,456,231,100.0,44,537,137,28,385,55,16
280,730,248,482,231,100.0,45,552,152,26,396,71,15
281,758,237,521,231,100.0,45,555,175,28,412,92,17
282,703,246,457,231,100.0,51,543,136,24,391,52,14
283,710,239,471,231,100.0,44,539,147,24,393,64,14
284,764,242,522,231,100.0,44,568,169,27,418,87,17
285,655,245,410,231,100.0,45,498,128,29,345,46,19
286,671,250,421,231,100.0,42,527,125,19,371,43,7
287,706,239,467,231,100.0,46,516,167,23,371,84,12
288,684,243,441,231,100.0,46,495,150,39,347,65,29
289,697,242,455,231,100.0,43,534,135,28,384,53,18
290,656,246,410,231,100.0,48,499,130,27,349,45,16
291,703,241,462,231,100.0,45,538,143,22,392,58,12
292,742,243,499,231,100.0,45,566,149,27,418,66,15
293,673,248,425,231,100.0,46,522,126,25,367,44,14
294,740,243,497,231,100.0,43,538,178,24,389,94,14
295,670,241,429,231,100.0,46,515,131,24,368,47,14
296,717,236,481,231,100.0,48,560,136,21,418,52,11
297,731,238,493,231,100.0,49,555,158,18,409,76,8
298,714,251,463,231,100.0,44,550,141,23,394,57,12
299,686,247,439,231,100.0,44,506,156,24,356,70,13
300,726,246,480,231,100.0,46,540,157,29,390,71,19
301,737,245,492,231,100.0,49,554,155,28,406,69,17
302,645,245,400,231,100.0,45,496,127,22,343,45,12
303,642,247,395,231,100.0,48,494,124,24,340,41,14
304,708,240,468,231,100.0,45,540,133,35,393,52,23
305,736,242,494,231,100.0,43,543,158,35,396,73,25
306,678,248,430,231,100.0,43,497,158,23,344,73,13
307,692,245,447,231,100.0,45,539,129,24,388,45,14
308,682,241,441,231,100.0,47,526,139,17,378,56,7
309,709,243,466,231,100.0,45,543,142,24,393,59,14
310,578,238,340,231,100.0,44,462,94,22,318,10,12
311,705,239,466,231,100.0,46,543,138,24,396,57,13
312,681,240,441,231,100.0,46,516,139,26,369,56,16
313,702,238,464,231,100.0,47,526,149,27,382,65,17
314,741,238,503,231,100.0,45,574,145,22,430,61,12
315,667,241,426,231,100.0,47,517,115,35,370,31,25
316,697,239,458,231,100.0,43,517,150,30,371,67,20
317,731,244,487,231,100.0,45,547,150,34,398,66,23
318,738,250,488,231,100.0,43,560,151,27,405,67,16
319,782,249,533,231,100.0,44,590,167,25,437,81,15
320,701,250,451,231,100.0,45,549,116,36,393,32,26
321,662,248,414,231,100.0,45,517,120,25,364,36,14
322,669,251,418,231,100.0,45,503,135,31,347,51,20
323,738,240,498,231,100.0,47,584,135,19,437,52,9
324,714,248,466,231,100.0,45,556,134,24,403,50,13
325,809,247,562,231,100.0,44,605,171,33,453,86,23
326,674,243,431,231,100.0,43,526,123,25,375,41,15
327,770,239,531,231,100.0,46,595,152,23,448,70,13
328,719,242,477,231,100.0,44,550,142,27,402,60,15
329,660,239,421,231,100.0,42,493,137,30,346,55,20
330,708,243,465,231,100.0,44,525,144,39,375,61,29
331,642,245,397,231,100.0,43,472,148,22,323,63,11
332,697,246,451,231,100.0,44,531,140,26,380,55,16
333,708,242,466,231,100.0,44,540,136,32,393,51,22
334,712,243,469,231,100.0,46,530,148,34,378,67,24
335,728,242,486,231,100.0,51,558,141,29,413,55,18
336,665,237,428,231,100.0,45,505,137,23,362,53,13
337,766,241,525,231,100.0,46,570,170,26,426,83,16
338,704,244,460,231,100.0,44,563,119,22,411,37,12
339,752,243,509,231,100.0,45,577,145,30,429,60,20
340,662,244,418,231,100.0,44,492,151,19,343,66,9
341,705,249,456,231,100.0,44,547,141,17,393,56,7
342,713,243,470,231,100.0,44,546,142,25,399,57,14
343,678,246,432,231,100.0,47,488,156,34,337,73,22
344,735,241,494,231,100.0,48,541,154,40,394,70,30
345,780,241,539,231,100.0,44,593,162,25,446,78,15
346,684,236,448,231,100.0,46,515,134,35,370,53,25
347,609,239,370,231,100.0,44,484,103,22,339,19,12
348,660,237,423,231,100.0,49,494,125,41,349,43,31
349,675,240,435,231,100.0,47,506,141,28,360,57,18
350,705,239,466,231,100.0,47,542,134,29,395,52,19
351,721,240,481,231,100.0,44,564,135,22,416,53,12
352,799,241,558,231,100.0,46,607,166,26,459,83,16
353,736,242,494,231,100.0,44,570,139,27,422,56,16
354,703,240,463,231,100.0,45,520,153,30,373,70,20
355,755,242,513,231,100.0,45,574,152,29,427,67,19
356,698,242,456,231,100.0,43,534,144,20,384,62,10
357,736,244,492,231,100.0,43,556,146,34,405,63,24
358,714,246,468,231,100.0,48,548,132,34,398,46,24
359,689,240,449,231,100.0,43,518,140,31,370,58,21
360,739,241,498,231,100.0,50,548,147,44,403,63,32
361,628,237,391,231,100.0,49,471,135,22,327,53,11
362,702,244,458,231,100.0,44,534,141,27,387,55,16
363,721,241,480,231,100.0,44,537,150,34,388,68,24
364,723,247,476,231,100.0,49,545,155,23,393,70,13
365,725,244,481,231,100.0,44,528,162,35,377,79,25
366,739,246,493,231,100.0,43,564,148,27,413,63,17
367,736,243,493,231,100.0,44,559,149,28,409,66,18
368,691,251,440,231,100.0,43,520,140,31,363,56,21
369,725,243,482,231,100.0,44,556,139,30,406,56,20
370,712,246,466,231,100.0,44,550,127,35,398,43,25
371,704,248,456,231,100.0,43,545,135,24,393,49,14
372,624,241,383,231,100.0,48,471,131,22,325,47,11
373,677,242,435,231,100.0,44,519,123,35,371,40,24
374,675,243,432,231,100.0,44,497,148,30,348,65,19
375,759,239,520,231,100.0,53,586,133,40,438,52,30
376,632,246,386,231,100.0,45,475,124,33,323,41,22
377,652,243,409,231,100.0,43,492,135,25,342,53,14
378,694,242,452,231,100.0,45,512,151,31,362,69,21
379,743,244,499,231,100.0,47,571,141,31,419,59,21
380,693,240,453,231,100.0,47,544,125,24,397,43,13
381,734,243,491,231,100.0,46,566,141,27,416,58,17
382,693,241,452,231,100.0,44,535,129,29,389,46,17
383,729,244,485,231,100.0,48,560,136,33,409,53,23
384,685,241,444,231,100.0,44,533,120,32,386,36,22
385,716,242,474,231,100.0,44,549,145,22,401,61,12
386,725,239,486,231,100.0,46,571,133,21,424,51,11
387,715,248,467,231,100.0,46,539,147,29,387,62,18
388,697,246,451,231,100.0,43,536,135,26,383,52,16
389,720,243,477,231,100.0,46,551,139,30,402,55,20
390,630,241,389,231,100.0,43,479,130,21,333,45,11
391,758,240,518,231,100.0,44,587,144,27,440,61,17
392,713,238,475,231,100.0,48,538,141,34,395,57,23
393,708,252,456,231,100.0,46,551,133,24,396,49,11
394,704,241,463,231,100.0,43,523,150,31,374,68,21
395,651,247,404,231,100.0,45,497,125,29,343,42,19
396,644,246,398,231,100.0,44,492,127,25,340,43,15
397,659,245,414,231,100.0,46,502,130,27,350,47,17
398,696,247,449,231,100.0,43,543,126,27,393,40,16
399,656,246,410,231,100.0,44,489,144,23,336,61,13
400,716,242,474,231,100.0,43,553,137,26,405,53,16
401,725,246,479,231,100.0,45,547,143,35,393,61,25
402,683,238,445,231,100.0,46,521,130,32,374,49,22
403,687,248,439,231,100.0,44,528,133,26,374,50,15
404,723,241,482,231,100.0,44,553,138,32,405,55,22
405,779,249,530,231,100.0,44,590,166,23,439,78,13
406,723,244,479,231,100.0,50,550,145,28,398,63,18
407,689,241,448,231,100.0,47,513,142,34,365,59,24
408,667,240,427,231,100.0,43,526,127,14,378,45,4
409,698,243,455,231,100.0,44,543,124,31,394,41,20
410,700,238,462,231,100.0,46,539,128,33,392,47,23
411,732,237,495,231,100.0,48,568,139,25,423,58,14
412,663,243,420,231,100.0,47,527,115,21,379,30,11
413,746,249,497,231,100.0,45,555,161,30,400,77,20
414,770,244,526,231,100.0,48,591,154,25,443,68,15
415,725,243,482,231,100.0,49,557,140,28,409,55,18
416,644,242,402,231,100.0,42,497,120,27,350,35,17
417,755,248,507,231,100.0,47,559,162,34,403,80,24
418,639,247,392,231,100.0,45,506,102,31,352,19,21
419,667,239,428,231,100.0,46,522,124,21,374,43,11
420,657,247,410,231,100.0,47,504,130,23,352,46,12
421,696,245,451,231,100.0,45,516,146,34,366,61,24
422,641,241,400,231,100.0,44,490,127,24,342,44,14
423,753,242,511,231,100.0,47,585,138,30,434,57,20
424,686,245,441,231,100.0,49,533,118,35,380,36,25
425,574,245,329,231,100.0,43,452,102,20,300,20,9
426,675,247,428,231,100.0,46,514,138,23,359,56,13
427,744,242,502,231,100.0,50,563,148,33,415,64,23
428,687,245,442,231,100.0,44,534,127,26,382,45,15
429,696,244,452,231,100.0,52,526,151,19,376,68,8
430,646,238,408,231,100.0,45,490,132,24,345,49,14
431,658,246,412,231,100.0,44,490,146,22,342,58,12
432,671,242,429,231,100.0,46,516,130,25,368,46,15
433,726,248,478,231,100.0,45,526,160,40,376,73,29
434,689,242,447,231,100.0,44,522,138,29,374,55,18
435,713,239,474,231,100.0,47,546,134,33,399,52,23
436,686,239,447,231,100.0,47,522,133,31,375,51,21
437,725,243,482,231,100.0,49,548,146,31,400,61,21
438,719,242,477,231,100.0,44,541,156,22,394,72,11
439,764,246,518,231,100.0,44,563,161,40,409,79,30
440,708,247,461,231,100.0,45,572,121,15,420,37,4
441,720,243,477,231,100.0,47,566,134,20,418,50,9
442,696,241,455,231,100.0,50,530,140,26,385,55,15
443,766,245,521,231,100.0,47,605,136,25,453,53,15
444,745,240,505,231,100.0,44,561,148,36,416,64,25
445,669,246,423,231,100.0,44,499,135,35,350,48,25
446,720,242,478,231,100.0,46,570,126,24,421,43,14
447,741,242,499,231,100.0,44,559,134,48,410,53,36
448,708,242,466,231,100.0,47,539,129,40,391,46,29
449,741,237,504,231,100.0,45,560,153,28,415,71,18
450,760,239,521,231,100.0,46,577,158,25,431,75,15
451,749,246,503,231,100.0,48,560,162,27,406,81,16
452,613,243,370,231,100.0,43,480,113,20,331,29,10
453,701,254,447,231,100.0,45,539,138,24,380,53,14
454,696,240,456,231,100.0,45,509,161,26,362,78,16
455,664,242,422,231,100.0,47,516,117,31,370,32,20
456,679,238,441,231,100.0,46,508,139,32,362,57,22
457,708,244,464,231,100.0,46,545,145,18,395,61,8
458,734,245,489,231,100.0,44,549,158,27,397,75,17
459,775,245,530,231,100.0,48,586,164,25,435,81,14
460,657,242,415,231,100.0,46,493,139,25,345,55,15
461,697,243,454,231,100.0,44,544,122,31,394,39,21
462,661,241,420,231,100.0,45,509,123,29,361,40,19
463,709,243,466,231,100.0,48,532,141,36,384,57,25
464,691,243,448,231,100.0,45,538,132,21,388,50,10
465,657,246,411,231,100.0,46,477,148,32,326,63,22
466,726,242,484,231,100.0,45,541,155,30,395,69,20
467,652,245,407,231,100.0,44,491,123,38,341,39,27
468,742,244,498,231,100.0,45,569,149,24,417,67,14
469,705,244,461,231,100.0,50,553,122,30,404,37,20
470,712,243,469,231,100.0,45,550,128,34,401,45,23
471,682,243,439,231,100.0,46,538,110,34,390,25,24
472,697,237,460,231,100.0,44,531,150,16,386,68,6
473,707,240,467,231,100.0,46,545,135,27,398,52,17
474,695,240,455,231,100.0,44,532,134,29,385,51,19
475,741,245,496,231,100.0,48,570,147,24,419,63,14
476,667,247,420,231,100.0,43,512,130,25,361,44,15
477,648,240,408,231,100.0,48,499,123,26,351,41,16
478,736,240,496,231,100.0,45,579,133,24,431,52,13
479,698,245,453,231,100.0,46,525,136,37,374,53,26
480,684,240,444,231,100.0,43,524,142,18,378,58,8
481,680,242,438,231,100.0,45,498,158,24,351,73,14
482,716,246,470,231,100.0,48,540,142,34,388,58,24
483,678,242,436,231,100.0,48,512,136,30,365,51,20
484,711,253,458,231,100.0,43,543,138,30,389,52,17
485,749,245,504,231,100.0,45,570,144,35,419,60,25
486,698,243,455,231,100.0,45,537,134,27,387,51,17
487,628,244,384,231,100.0,46,490,112,26,339,29,16
488,666,239,427,231,100.0,46,506,139,21,360,56,11
489,740,239,501,231,100.0,48,559,153,28,413,70,18
490,697,245,452,231,100.0,44,537,136,24,388,51,13
491,720,246,474,231,100.0,44,553,129,38,400,46,28
492,818,248,570,231,100.0,48,651,134,33,497,50,23
493,733,238,495,231,100.0,46,562,144,27,415,63,17
494,716,240,476,231,100.0,43,523,168,25,376,85,15
495,668,248,420,231,100.0,44,499,141,28,346,57,17
496,689,246,443,231,100.0,44,539,126,24,386,43,14
497,672,240,432,231,100.0,45,509,129,34,362,46,24
498,665,248,417,231,100.0,44,496,146,23,343,62,12
499,664,240,424,231,100.0,44,525,112,27,379,28,17
500,660,244,416,231,100.0,44,494,146,20,343,63,10
501,702,242,460,231,100.0,46,551,126,25,403,42,15
502,733,238,495,231,100.0,44,550,149,34,403,68,24
503,705,243,462,231,100.0,45,539,149,17,390,65,7
504,706,242,464,231,100.0,50,550,126,30,402,44,18
505,701,249,452,231,100.0,46,540,141,20,389,53,10
506,692,244,448,231,100.0,44,533,135,24,381,53,14
507,690,243,447,231,100.0,45,519,142,29,369,61,17
508,724,243,481,231,100.0,49,569,128,27,422,43,16
509,627,242,385,231,100.0,44,482,123,22,332,41,12
510,714,239,475,231,100.0,46,557,134,23,411,51,13
511,722,249,473,231,100.0,44,562,136,24,406,53,14
512,708,241,467,231,100.0,46,526,149,33,379,65,23
513,747,250,497,231,100.0,46,540,176,31,383,93,21
514,711,246,465,231,100.0,44,567,117,27,413,35,17
515,738,247,491,231,100.0,45,561,142,35,408,59,24
516,657,244,413,231,100.0,46,489,140,28,338,57,18
517,706,240,466,231,100.0,45,551,125,30,403,43,20
518,712,238,474,231,100.0,46,558,135,19,412,54,8
519,717,243,474,231,100.0,46,513,173,31,366,90,18
520,687,247,440,231,100.0,45,525,137,25,374,51,15
521,603,250,353,231,100.0,42,470,105,28,313,23,17
522,756,241,515,231,100.0,49,568,160,28,421,76,18
523,734,244,490,231,100.0,45,572,133,29,422,49,19
524,772,246,526,231,100.0,43,568,179,25,420,92,14
525,729,237,492,231,100.0,48,544,148,37,401,64,27
526,723,241,482,231,100.0,44,548,156,19,399,74,9
527,687,240,447,231,100.0,43,515,144,28,368,62,17
528,713,247,466,231,100.0,46,545,145,23,393,60,13
529,733,236,497,231,100.0,44,565,146,22,421,64,12
530,610,236,374,231,100.0,44,478,106,26,333,25,16
531,656,243,413,231,100.0,44,506,133,17,357,49,7
532,714,244,470,231,100.0,45,549,136,29,400,52,18
533,730,247,483,231,100.0,43,547,147,36,392,65,26
534,709,241,468,231,100.0,46,527,153,29,379,71,18
535,633,240,393,231,100.0,43,479,128,26,331,46,16
536,661,249,412,231,100.0,47,513,126,22,359,41,12
537,703,243,460,231,100.0,46,540,132,31,391,48,21
538,716,242,474,231,100.0,44,548,139,29,399,56,19
539,657,237,420,231,100.0,44,495,135,27,350,53,17
540,749,246,503,231,100.0,47,562,162,25,410,79,14
541,741,242,499,231,100.0,47,551,159,31,402,76,21
542,705,247,458,231,100.0,45,545,131,29,394,45,19
543,649,240,409,231,100.0,42,491,132,26,345,48,16
544,696,241,455,231,100.0,45,530,130,36,384,46,25
545,669,244,425,231,100.0,46,490,146,33,341,62,22
546,754,237,517,231,100.0,47,578,147,29,434,64,19
547,677,244,433,231,100.0,44,498,156,23,349,71,13
548,735,249,486,231,100.0,44,576,130,29,427,41,18
549,685,242,443,231,100.0,45,502,152,31,353,70,20
550,692,239,453,231,100.0,46,527,140,25,382,56,15
551,734,244,490,231,100.0,47,559,150,25,409,66,15
552,688,243,445,231,100.0,49,501,152,35,352,69,24
553,719,245,474,231,100.0,46,550,143,26,398,60,16
554,673,244,429,231,100.0,49,504,143,26,351,62,16
555,732,246,486,231,100.0,44,559,152,21,408,68,10
556,681,245,436,231,100.0,47,493,150,38,343,66,27
557,681,243,438,231,100.0,44,517,139,25,369,54,15
558,684,246,438,231,100.0,48,512,146,26,361,61,16
559,682,246,436,231,100.0,45,524,132,26,370,50,16
560,762,240,522,231,100.0,45,561,175,26,414,93,15
561,639,246,393,231,100.0,46,485,126,28,333,42,18
562,738,247,491,231,100.0,49,546,163,29,395,77,19
563,746,240,506,231,100.0,45,566,146,34,419,63,24
564,666,241,425,231,100.0,42,491,149,26,344,65,16
565,675,240,435,231,100.0,44,512,139,24,365,56,14
566,739,238,501,231,100.0,47,536,176,27,390,94,17
567,685,241,444,231,100.0,44,509,145,31,363,60,21
568,654,239,415,231,100.0,44,513,114,27,367,31,17
569,675,246,429,231,100.0,44,504,133,38,350,51,28
570,764,245,519,231,100.0,45,575,154,35,427,68,24
571,718,241,477,231,100.0,45,534,156,28,388,72,17
572,723,246,477,231,100.0,45,540,156,27,391,69,17
573,661,244,417,231,100.0,43,494,140,27,343,58,16
574,704,245,459,231,100.0,46,546,124,34,397,40,22
575,754,243,511,231,100.0,47,592,125,37,442,42,27
576,716,247,469,231,100.0,48,536,154,26,386,67,16
577,702,245,457,231,100.0,44,533,140,29,383,55,19
578,723,244,479,231,100.0,44,558,134,31,408,50,21
579,669,240,429,231,100.0,44,500,139,30,352,57,20
580,659,246,413,231,100.0,44,494,137,28,344,52,17
581,699,245,454,231,100.0,46,539,135,25,386,53,15
582,691,238,453,231,100.0,44,530,135,26,383,54,16
583,667,244,423,231,100.0,50,501,127,39,351,43,29
584,712,241,471,231,100.0,48,532,142,38,385,58,28
585,653,243,410,231,100.0,47,500,135,18,349,53,8
586,693,244,449,231,100.0,44,519,145,29,371,60,18
587,773,245,528,231,100.0,48,594,157,22,445,71,12
588,661,246,415,231,100.0,43,510,131,20,359,47,9
589,687,247,440,231,100.0,48,522,128,37,368,45,27
590,728,239,489,231,100.0,53,576,128,24,429,46,14
591,732,247,485,231,100.0,48,558,150,24,405,67,13
592,702,249,453,231,100.0,45,524,150,28,372,64,17
593,719,239,480,231,100.0,43,533,150,36,386,68,26
594,678,242,436,231,100.0,44,498,151,29,351,67,18
595,701,246,455,231,100.0,48,532,153,16,381,68,6
596,646,242,404,231,100.0,43,486,131,29,336,49,19
597,704,242,462,231,100.0,45,520,155,29,374,69,19
598,673,243,430,231,100.0,46,509,133,31,362,47,21
599,730,240,490,231,100.0,45,573,130,27,426,47,17
600,713,245,468,231,100.0,53,541,150,22,389,67,12
601,715,239,476,231,100.0,47,569,121,25,421,40,15
602,611,242,369,231,100.0,45,447,135,29,298,52,19
603,647,247,400,231,100.0,45,472,141,34,319,57,24
604,739,249,490,231,100.0,45,581,126,32,426,44,20
605,727,248,479,231,100.0,45,555,140,32,405,55,19
606,652,242,410,231,100.0,44,482,140,30,332,58,20
607,664,249,415,231,100.0,43,504,128,32,347,46,22
608,676,242,434,231,100.0,53,513,127,36,365,43,26
609,693,243,450,231,100.0,46,525,143,25,375,60,15
610,755,245,510,231,100.0,45,596,137,22,444,54,12
611,710,248,462,231,100.0,46,533,149,28,378,66,18
612,757,247,510,231,100.0,43,577,155,25,423,72,15
613,751,241,510,231,100.0,44,584,137,30,436,55,19
614,672,249,423,231,100.0,49,503,139,30,352,52,19
615,713,243,470,231,100.0,43,535,147,31,386,63,21
616,678,251,427,231,100.0,48,499,148,31,343,64,20
617,709,242,467,231,100.0,45,544,136,29,393,55,19
618,679,247,432,231,100.0,44,523,135,21,369,53,10
619,724,243,481,231,100.0,43,568,136,20,419,54,8
620,732,244,488,231,100.0,45,554,149,29,402,67,19
621,791,250,541,231,100.0,48,606,156,29,454,69,18
622,741,249,492,231,100.0,47,560,154,27,404,71,17
623,658,245,413,231,100.0,44,497,133,28,347,48,18
624,746,241,505,231,100.0,48,567,151,28,419,68,18
625,697,250,447,231,100.0,45,538,137,22,384,51,12
626,701,244,457,231,100.0,44,529,153,19,380,68,9
627,626,240,386,231,100.0,42,478,124,24,332,40,14
628,674,246,428,231,100.0,50,521,127,26,370,42,16
629,630,241,389,231,100.0,42,479,125,26,332,42,15
630,693,247,446,231,100.0,47,510,146,37,359,62,25
631,693,245,448,231,100.0,45,525,143,25,373,61,14
632,713,242,471,231,100.0,46,553,133,27,406,48,17
633,686,242,444,231,100.0,47,541,120,25,392,38,14
634,652,238,414,231,100.0,42,482,145,25,338,62,14
635,709,247,462,231,100.0,46,556,129,24,404,44,14
636,706,244,462,231,100.0,45,540,142,24,388,60,14
637,661,241,420,231,100.0,44,506,131,24,358,48,14
638,756,242,514,231,100.0,47,571,154,31,422,71,21
639,662,247,415,231,100.0,43,512,124,26,357,42,16
640,679,249,430,231,100.0,44,514,137,28,359,54,17
641,758,245,513,231,100.0,47,589,149,20,439,64,10
642,744,251,493,231,100.0,44,569,150,25,416,62,15
643,662,239,423,231,100.0,51,517,129,16,370,48,5
644,747,238,509,231,100.0,45,563,152,32,417,71,21
645,747,240,507,231,100.0,46,577,147,23,429,65,13
646,721,243,478,231,100.0,45,560,126,35,409,44,25
647,653,249,404,231,100.0,48,503,124,26,348,41,15
648,760,238,522,231,100.0,45,585,148,27,439,66,17
649,730,251,479,231,100.0,44,554,148,28,401,62,16
650,648,240,408,231,100.0,45,497,118,33,349,36,23
651,715,244,471,231,100.0,44,529,152,34,380,67,24
652,757,246,511,231,100.0,46,560,161,36,406,79,26
653,729,240,489,231,100.0,45,564,138,27,416,57,16
654,680,253,427,231,100.0,46,517,145,18,360,59,8
655,647,250,397,231,100.0,47,484,132,31,329,47,21
656,733,251,482,231,100.0,49,553,155,25,397,70,15
657,723,245,478,231,100.0,48,545,144,34,395,60,23
658,670,243,427,231,100.0,47,521,124,25,372,40,15
659,728,242,486,231,100.0,48,557,142,29,410,57,19
660,680,242,438,231,100.0,46,535,120,25,387,36,15
661,700,241,459,231,100.0,45,535,130,35,387,48,24
662,751,237,514,231,100.0,44,576,149,26,431,67,16
663,687,241,446,231,100.0,44,526,141,20,379,57,10
664,653,244,409,231,100.0,43,482,132,39,334,47,28
665,781,239,542,231,100.0,44,588,158,35,443,74,25
666,696,251,445,231,100.0,46,505,161,30,350,76,19
667,745,242,503,231,100.0,45,561,152,32,412,69,22
668,666,247,419,231,100.0,44,500,136,30,349,50,20
669,681,242,439,231,100.0,49,531,128,22,383,44,12
670,750,246,504,231,100.0,45,564,165,21,415,79,10
671,739,244,495,231,100.0,43,564,154,21,412,72,11
672,691,240,451,231,100.0,43,531,128,32,384,46,21
673,735,245,490,231,100.0,44,546,155,34,395,72,23
674,676,241,435,231,100.0,44,522,126,28,373,44,18
675,683,237,446,231,100.0,43,530,131,22,387,47,12
676,721,241,480,231,100.0,44,557,140,24,409,57,14
677,737,244,493,231,100.0,48,551,150,36,401,66,26
678,640,241,399,231,100.0,45,494,122,24,346,39,14
679,650,242,408,231,100.0,45,513,120,17,364,37,7
680,734,243,491,231,100.0,43,548,155,31,398,72,21
681,691,246,445,231,100.0,44,528,134,29,375,52,18
682,652,245,407,231,100.0,46,510,118,24,361,34,12
683,726,241,485,231,100.0,46,546,143,37,397,61,27
684,696,239,457,231,100.0,45,527,139,30,381,56,20
685,677,237,440,231,100.0,49,515,137,25,369,56,15
686,747,248,499,231,100.0,44,572,145,30,420,60,19
687,711,238,473,231,100.0,44,545,146,20,399,64,10
688,728,240,488,231,100.0,47,564,134,30,419,50,19
689,758,249,509,231,100.0,46,567,164,27,412,80,17
690,652,242,410,231,100.0,43,493,128,31,345,45,20
691,722,243,479,231,100.0,44,543,158,21,393,75,11
692,682,249,433,231,100.0,44,527,133,22,373,48,12
693,646,245,401,231,100.0,43,471,146,29,320,62,19
694,698,240,458,231,100.0,47,528,150,20,382,67,9
695,661,242,419,231,100.0,45,507,116,38,360,32,27
696,736,247,489,231,100.0,48,558,143,35,405,59,25
697,676,242,434,231,100.0,45,520,127,29,373,43,18
698,675,237,438,231,100.0,50,515,128,32,371,45,22
699,741,247,494,231,100.0,44,554,156,31,400,73,21
700,732,243,489,231,100.0,44,546,151,35,396,69,24
701,696,240,456,231,100.0,46,522,138,36,374,56,26
702,688,237,451,231,100.0,46,521,132,35,377,49,25
703,781,246,535,231,100.0,46,574,176,31,421,93,21
704,755,240,515,231,100.0,43,592,143,20,447,59,9
705,733,251,482,231,100.0,44,561,145,27,407,58,17
706,725,251,474,231,100.0,45,568,141,16,412,57,5
707,705,238,467,231,100.0,44,513,164,28,367,83,17
708,630,241,389,231,100.0,44,493,116,21,344,34,11
709,780,238,542,231,100.0,45,586,158,36,440,76,26
710,689,245,444,231,100.0,44,513,152,24,362,69,13
711,665,239,426,231,100.0,43,505,137,23,359,54,13
712,697,242,455,231,100.0,48,512,149,36,365,64,26
713,756,246,510,231,100.0,46,587,145,24,437,59,14
714,691,238,453,231,100.0,45,509,157,25,366,72,15
715,715,245,470,231,100.0,49,542,151,22,391,67,12
716,696,243,453,231,100.0,46,519,146,31,371,61,21
717,692,243,449,231,100.0,43,538,126,28,388,43,18
718,710,240,470,231,100.0,47,535,145,30,387,63,20
719,711,240,471,231,100.0,44,555,134,22,409,51,11
720,675,244,431,231,100.0,46,507,144,24,360,57,14
721,705,249,456,231,100.0,42,540,143,22,384,60,12
722,705,247,458,231,100.0,45,552,134,19,401,49,8
723,743,243,500,231,100.0,44,567,158,18,419,73,8
724,606,243,363,231,100.0,47,451,126,29,300,44,19
725,724,239,485,231,100.0,43,557,143,24,410,61,14
726,791,242,549,231,100.0,43,588,176,27,441,91,17
727,662,244,418,231,100.0,41,494,145,23,344,61,13
728,690,240,450,231,100.0,44,521,138,31,373,56,21
729,678,241,437,231,100.0,44,526,131,21,377,49,11
730,673,244,429,231,100.0,43,517,134,22,366,51,12
731,704,242,462,231,100.0,43,527,149,28,378,66,18
732,790,251,539,231,100.0,45,612,144,34,457,58,24
733,636,244,392,231,100.0,44,476,131,29,327,46,19
734,724,239,485,231,100.0,47,571,118,35,425,35,25
735,699,254,445,231,100.0,48,527,144,28,366,61,18
736,720,242,478,231,100.0,44,547,147,26,399,63,16
737,704,248,456,231,100.0,44,525,149,30,372,64,20
738,652,245,407,231,100.0,46,492,134,26,342,49,16
739,640,241,399,231,100.0,46,488,131,21,339,49,11
740,745,247,498,231,100.0,45,582,139,24,430,54,14
741,684,243,441,231,100.0,44,505,145,34,355,62,24
742,645,240,405,231,100.0,45,496,126,23,349,43,13
743,690,250,440,231,100.0,44,530,130,30,379,42,19
744,753,242,511,231,100.0,43,560,156,37,412,73,26
745,692,244,448,231,100.0,47,535,132,25,386,49,13
746,749,247,502,231,100.0,43,561,162,26,408,79,15
747,654,242,412,231,100.0,45,495,139,20,349,53,10
748,729,245,484,231,100.0,44,537,153,39,388,67,29
749,646,249,397,231,100.0,47,504,120,22,350,35,12
750,785,246,539,231,100.0,44,597,155,33,445,72,22
751,698,244,454,231,100.0,46,523,139,36,371,57,26
752,779,249,530,231,100.0,46,583,156,40,430,71,29
753,668,242,426,231,100.0,43,508,136,24,361,51,14
754,726,237,489,231,100.0,43,564,133,29,419,51,19
755,682,245,437,231,100.0,46,533,113,36,383,28,26
756,763,247,516,231,100.0,43,578,153,32,423,71,22
757,702,246,456,231,100.0,46,559,117,26,407,34,15
758,728,238,490,231,100.0,45,548,157,23,404,73,13
759,795,241,554,231,100.0,47,609,156,30,461,73,20
760,729,241,488,231,100.0,46,567,134,28,419,51,18
761,607,237,370,231,100.0,44,456,130,21,311,49,10
762,679,247,432,231,100.0,45,516,136,27,366,51,15
763,735,247,488,231,100.0,44,536,167,32,383,83,22
764,723,247,476,231,100.0,47,534,154,35,383,70,23
765,669,242,427,231,100.0,43,515,130,24,366,47,14
766,718,245,473,231,100.0,48,548,144,26,398,59,16
767,679,252,427,231,100.0,48,510,141,28,356,53,18
768,725,243,482,231,100.0,51,565,135,25,416,51,15
769,665,243,422,231,100.0,43,502,136,27,357,48,17
770,803,243,560,231,100.0,45,627,140,36,476,58,26
771,664,247,417,231,100.0,44,516,127,21,366,41,10
772,726,246,480,231,100.0,44,550,143,33,400,59,21
773,730,245,485,231,100.0,51,573,130,27,421,47,17
774,676,243,433,231,100.0,44,492,153,31,345,69,19
775,678,245,433,231,100.0,44,526,118,34,374,36,23
776,694,244,450,231,100.0,44,536,137,21,385,54,11
777,696,246,450,231,100.0,45,533,138,25,379,56,15
778,633,241,392,231,100.0,43,499,113,21,350,31,11
779,687,242,445,231,100.0,43,505,154,28,355,72,18
780,655,241,414,231,100.0,46,494,131,30,345,49,20
781,787,249,538,231,100.0,43,600,160,27,445,76,17
782,674,240,434,231,100.0,43,526,127,21,377,46,11
783,662,244,418,231,100.0,47,505,127,30,356,42,20
784,690,244,446,231,100.0,44,522,142,26,373,58,15
785,722,247,475,231,100.0,45,544,150,28,390,67,18
786,711,244,467,231,100.0,45,537,135,39,386,52,29
787,678,235,443,231,100.0,43,539,116,23,395,35,13
788,739,245,494,231,100.0,45,547,157,35,395,74,25
789,733,245,488,231,100.0,44,555,153,25,407,67,14
790,682,242,440,231,100.0,51,513,142,27,365,59,16
791,790,253,537,231,100.0,48,581,178,31,423,93,21
792,671,244,427,231,100.0,47,532,111,28,384,26,17
793,692,244,448,231,100.0,45,532,131,29,380,49,19
794,664,241,423,231,100.0,43,505,139,20,358,57,8
795,667,241,426,231,100.0,44,504,142,21,357,58,11
796,701,237,464,231,100.0,43,513,147,41,367,66,31
797,760,245,515,231,100.0,47,579,151,30,428,67,20
798,651,240,411,231,100.0,42,478,150,23,331,67,13
799,680,237,443,231,100.0,46,513,141,26,369,58,16
800,763,244,519,231,100.0,47,567,166,30,418,81,20
801,687,241,446,231,100.0,44,532,124,31,384,42,20
802,661,246,415,231,100.0,46,518,112,31,367,27,21
803,752,246,506,231,100.0,46,588,134,30,435,51,20
804,761,244,517,231,100.0,47,585,145,31,435,61,21
805,716,241,475,231,100.0,45,539,149,28,391,66,18
806,716,241,475,231,100.0,48,520,161,35,373,78,24
807,723,238,485,231,100.0,46,567,123,33,422,41,22
808,720,242,478,231,100.0,44,559,135,26,408,54,16
809,721,242,479,231,100.0,46,560,130,31,414,44,21
810,651,247,404,231,100.0,43,498,119,34,343,38,23
811,695,244,451,231,100.0,46,538,127,30,387,45,19
812,668,241,427,231,100.0,46,519,128,21,371,45,11
813,632,240,392,231,100.0,43,481,128,23,333,46,13
814,647,240,407,231,100.0,44,508,122,17,362,38,7
815,716,241,475,231,100.0,45,558,127,31,411,44,20
816,657,245,412,231,100.0,46,470,157,30,319,73,20
817,765,244,521,231,100.0,45,574,153,38,423,70,28
818,729,244,485,231,100.0,44,563,139,27,414,54,17
819,731,239,492,231,100.0,45,548,165,18,404,81,7
820,713,243,470,231,100.0,44,547,145,21,396,63,11
821,739,248,491,231,100.0,47,559,157,23,404,74,13
822,668,245,423,231,100.0,49,517,126,25,367,41,15
823,693,246,447,231,100.0,48,527,141,25,375,58,14
824,744,239,505,231,100.0,46,552,158,34,409,74,22
825,742,243,499,231,100.0,47,584,131,27,433,49,17
826,715,243,472,231,100.0,46,558,127,30,409,44,19
827,680,240,440,231,100.0,46,505,145,30,360,62,18
828,741,249,492,231,100.0,45,568,152,21,418,64,10
829,691,242,449,231,100.0,47,543,120,28,394,37,18
830,684,240,444,231,100.0,48,522,131,31,377,49,18
831,777,244,533,231,100.0,47,573,164,40,426,78,29
832,671,251,420,231,100.0,44,493,153,25,342,63,15
833,732,248,484,231,100.0,46,564,141,27,411,56,17
834,671,245,426,231,100.0,43,508,139,24,358,54,14
835,714,240,474,231,100.0,43,549,132,33,403,48,23
836,690,242,448,231,100.0,48,533,126,31,383,44,21
837,683,238,445,231,100.0,45,510,147,26,364,65,16
838,657,247,410,231,100.0,45,486,138,33,335,52,23
839,703,245,458,231,100.0,53,507,160,36,356,77,25
840,725,243,482,231,100.0,45,556,143,26,407,59,16
841,684,247,437,231,100.0,45,517,147,20,365,62,10
842,651,238,413,231,100.0,44,486,138,27,340,56,17
843,684,240,444,231,100.0,44,537,113,34,390,30,24
844,718,242,476,231,100.0,43,535,152,31,386,69,21
845,670,244,426,231,100.0,44,503,137,30,355,52,19
846,705,243,462,231,100.0,46,529,147,29,379,65,18
847,681,239,442,231,100.0,43,514,132,35,367,50,25
848,698,252,446,231,100.0,42,546,129,23,390,45,11
849,792,247,545,231,100.0,45,590,169,33,435,87,23
850,694,245,449,231,100.0,44,537,130,27,385,47,17
851,656,244,412,231,100.0,44,488,146,22,340,60,12
852,754,244,510,231,100.0,45,575,151,28,427,66,17
853,677,246,431,231,100.0,43,521,122,34,370,38,23
854,686,249,437,231,100.0,46,520,134,32,366,50,21
855,720,243,477,231,100.0,46,517,166,37,368,83,26
856,687,242,445,231,100.0,43,504,158,25,356,75,14
857,754,244,510,231,100.0,45,579,135,40,427,53,30
858,718,243,475,231,100.0,45,533,149,36,383,66,26
859,727,246,481,231,100.0,44,553,145,29,399,63,19
860,743,244,499,231,100.0,43,569,155,19,421,69,9
861,727,241,486,231,100.0,43,552,143,32,407,57,22
862,691,243,448,231,100.0,48,510,156,25,359,74,15
863,591,243,348,231,100.0,43,469,102,20,319,19,10
864,636,240,396,231,100.0,45,497,113,26,349,31,16
865,801,241,560,231,100.0,47,606,161,34,460,76,24
866,679,251,428,231,100.0,50,501,142,36,346,56,26
867,715,237,478,231,100.0,46,536,149,30,390,68,20
868,711,242,469,231,100.0,44,547,142,22,398,60,11
869,763,243,520,231,100.0,45,572,159,32,424,74,22
870,721,246,475,231,100.0,49,541,161,19,390,76,9
871,670,243,427,231,100.0,47,516,131,23,366,48,13
872,642,243,399,231,100.0,42,485,141,16,339,54,6
873,708,243,465,231,100.0,46,528,155,25,379,71,15
874,660,248,412,231,100.0,43,502,134,24,347,51,14
875,663,241,422,231,100.0,44,514,129,20,367,45,10
876,653,243,410,231,100.0,42,501,127,25,354,42,14
877,705,243,462,231,100.0,48,552,138,15,404,54,4
878,648,241,407,231,100.0,43,492,135,21,345,51,11
879,697,245,452,231,100.0,45,547,128,22,396,44,12
880,691,246,445,231,100.0,44,510,142,39,360,57,28
881,717,242,475,231,100.0,47,537,157,23,390,72,13
882,702,247,455,231,100.0,45,567,112,23,412,30,13
883,721,241,480,231,100.0,43,546,145,30,398,63,19
884,662,249,413,231,100.0,49,507,132,23,353,50,10
885,726,239,487,231,100.0,44,561,144,21,414,62,11
886,738,240,498,231,100.0,45,551,158,29,405,74,19
887,667,240,427,231,100.0,46,514,131,22,369,46,12
888,733,242,491,231,100.0,45,546,152,35,399,67,25
889,664,252,412,231,100.0,45,511,123,30,354,38,20
890,675,242,433,231,100.0,43,515,136,24,366,54,13
891,773,248,525,231,100.0,46,580,165,28,426,81,18
892,688,239,449,231,100.0,46,532,124,32,387,40,22
893,721,245,476,231,100.0,43,537,159,25,386,76,14
894,806,240,566,231,100.0,50,608,165,33,462,81,23
895,725,243,482,231,100.0,44,542,157,26,393,74,15
896,632,240,392,231,100.0,46,488,107,37,340,25,27
897,701,244,457,231,100.0,47,535,148,18,383,66,8
898,711,244,467,231,100.0,49,548,135,28,398,53,16
899,683,241,442,231,100.0,44,509,138,36,360,56,26
900,714,245,469,231,100.0,44,540,148,26,394,59,16
901,686,246,440,231,100.0,44,534,130,22,384,44,12
902,725,238,487,231,100.0,46,569,132,24,423,50,14
903,723,242,481,231,100.0,44,540,150,33,392,67,22
904,718,247,471,231,100.0,48,545,142,31,393,59,19
905,703,246,457,231,100.0,42,528,147,28,381,58,18
906,781,243,538,231,100.0,47,591,164,26,441,81,16
907,717,239,478,231,100.0,44,531,162,24,386,78,14
908,714,242,472,231,100.0,44,532,152,30,384,68,20
909,716,238,478,231,100.0,44,554,132,30,409,51,18
910,781,241,540,231,100.0,47,598,154,29,453,68,19
911,619,244,375,231,100.0,44,448,145,26,298,61,16
912,705,242,463,231,100.0,43,532,149,24,382,68,13
913,679,247,432,231,100.0,43,523,129,27,370,45,17
914,752,245,507,231,100.0,44,557,172,23,405,89,13
915,712,251,461,231,100.0,43,529,160,23,372,76,13
916,771,242,529,231,100.0,44,596,145,30,449,61,19
917,695,252,443,231,100.0,44,531,136,28,375,50,18
918,706,240,466,231,100.0,47,529,149,28,384,64,18
919,747,248,499,231,100.0,44,575,132,40,419,50,30
920,700,245,455,231,100.0,42,510,165,25,361,80,14
921,736,241,495,231,100.0,43,571,141,24,423,59,13
922,738,245,493,231,100.0,44,554,157,27,405,71,17
923,701,246,455,231,100.0,44,530,129,42,378,46,31
924,752,253,499,231,100.0,46,579,142,31,422,57,20
925,764,243,521,231,100.0,45,579,157,28,428,75,18
926,724,240,484,231,100.0,46,567,124,33,421,41,22
927,715,243,472,231,100.0,45,559,132,24,408,50,14
928,771,245,526,231,100.0,47,595,143,33,444,60,22
929,635,238,397,231,100.0,43,491,124,20,346,42,9
930,744,249,495,231,100.0,44,560,156,28,410,68,17
931,666,244,422,231,100.0,49,502,130,34,353,47,22
932,661,248,413,231,100.0,45,486,146,29,334,61,18
933,748,240,508,231,100.0,44,543,164,41,396,81,31
934,743,240,503,231,100.0,48,585,137,21,437,55,11
935,710,240,470,231,100.0,44,537,143,30,391,60,19
936,684,247,437,231,100.0,44,536,128,20,383,45,9
937,681,240,441,231,100.0,48,500,147,34,352,65,24
938,730,249,481,231,100.0,46,546,160,24,393,74,14
939,710,235,475,231,100.0,44,551,135,24,407,54,14
940,721,250,471,231,100.0,43,551,142,28,395,58,18
941,685,239,446,231,100.0,49,532,129,24,386,47,13
942,716,244,472,231,100.0,43,562,132,22,411,49,12
943,719,241,478,231,100.0,49,539,153,27,392,70,16
944,717,242,475,231,100.0,43,537,158,22,387,76,12
945,772,247,525,231,100.0,45,592,151,29,442,65,18
946,716,245,471,231,100.0,48,545,141,30,395,58,18
947,710,245,465,231,100.0,45,545,135,30,394,51,20
948,706,242,464,231,100.0,45,546,135,25,397,53,14
949,712,241,471,231,100.0,47,526,161,25,377,79,15
950,691,239,452,231,100.0,48,530,137,24,382,56,14
951,773,244,529,231,100.0,46,581,164,28,430,81,18
952,673,245,428,231,100.0,46,514,127,32,361,46,21
953,627,244,383,231,100.0,44,491,111,25,340,28,15
954,651,235,416,231,100.0,44,510,107,34,366,26,24
955,762,241,521,231,100.0,44,581,156,25,434,72,15
956,694,244,450,231,100.0,45,520,148,26,370,64,16
957,727,240,487,231,100.0,44,552,146,29,406,63,18
958,710,241,469,231,100.0,45,533,154,23,387,69,13
959,766,247,519,231,100.0,44,595,134,37,444,50,25
960,662,242,420,231,100.0,44,489,139,34,339,57,24
961,692,247,445,231,100.0,43,499,162,31,348,76,21
962,745,238,507,231,100.0,43,548,165,32,402,83,22
963,669,241,428,231,100.0,42,506,132,31,359,48,21
964,673,243,430,231,100.0,43,522,120,31,374,35,21
965,749,238,511,231,100.0,44,573,154,22,427,72,12
966,728,245,483,231,100.0,44,552,147,29,402,62,19
967,707,246,461,231,100.0,43,540,140,27,388,56,17
968,658,242,416,231,100.0,43,515,122,21,366,40,10
969,718,242,476,231,100.0,46,555,131,32,407,47,22
970,715,247,468,231,100.0,44,562,131,22,410,46,12
971,749,239,510,231,100.0,45,563,163,23,415,82,13
972,738,241,497,231,100.0,44,565,149,24,418,65,14
973,731,247,484,231,100.0,44,567,135,29,414,52,18
974,746,245,501,231,100.0,43,576,147,23,426,63,12
975,691,254,437,231,100.0,43,514,149,28,354,66,17
976,717,249,468,231,100.0,45,534,158,25,380,73,15
977,712,240,472,231,100.0,44,533,149,30,384,68,20
978,702,240,462,231,100.0,44,529,147,26,383,63,16
979,761,239,522,231,100.0,47,576,153,32,429,71,22
980,628,248,380,231,100.0,45,477,124,27,325,40,15
981,709,239,470,231,100.0,48,545,136,28,400,53,17
982,699,246,453,231,100.0,49,516,149,34,364,65,24
983,771,244,527,231,100.0,48,619,124,28,469,40,18
984,708,240,468,231,100.0,50,523,152,33,376,69,23
985,734,243,491,231,100.0,44,558,154,22,408,71,12
986,669,243,426,231,100.0,43,498,136,35,350,51,25
987,715,247,468,231,100.0,44,557,131,27,405,46,17
988,802,246,556,231,100.0,46,600,163,39,447,80,29
989,688,242,446,231,100.0,48,530,133,25,379,52,15
990,723,243,480,231,100.0,48,549,138,36,401,53,26
991,689,246,443,231,100.0,44,528,136,25,374,54,15
992,696,242,454,231,100.0,43,524,143,29,376,61,17
993,713,243,470,231,100.0,46,535,160,18,385,78,7
994,716,240,476,231,100.0,44,532,163,21,384,82,10
995,771,246,525,231,100.0,45,574,155,42,420,73,32
996,704,248,456,231,100.0,43,535,143,26,381,60,15
997,708,244,464,231,100.0,43,513,164,31,363,80,21
998,727,244,483,231,100.0,46,547,144,36,398,59,26
999,644,243,401,231,100.0,43,488,135,21,340,51,10
